Full Name,Email,Phone,Company Name,Tags
Owner 1,contact@cooling1.com,+18635550001,Lakeland Cooling & Heating 1,"campaign-hvac-polk,scouted"
Owner 2,contact@cooling2.com,+18635550002,Winter Haven Cooling & Heating 2,"campaign-hvac-polk,scouted"
Owner 3,contact@cooling3.com,+18635550003,Davenport Cooling & Heating 3,"campaign-hvac-polk,scouted"
Owner 4,contact@cooling4.com,+18635550004,Bartow Cooling & Heating 4,"campaign-hvac-polk,scouted"
Owner 5,contact@cooling5.com,+18635550005,Haines City Cooling & Heating 5,"campaign-hvac-polk,scouted"
Owner 6,contact@cooling6.com,+18635550006,Lakeland Cooling & Heating 6,"campaign-hvac-polk,scouted"
Owner 7,contact@cooling7.com,+18635550007,Winter Haven Cooling & Heating 7,"campaign-hvac-polk,scouted"
Owner 8,contact@cooling8.com,+18635550008,Davenport Cooling & Heating 8,"campaign-hvac-polk,scouted"
Owner 9,contact@cooling9.com,+18635550009,Bartow Cooling & Heating 9,"campaign-hvac-polk,scouted"
Owner 10,contact@cooling10.com,+18635550010,Haines City Cooling & Heating 10,"campaign-hvac-polk,scouted"
Owner 11,contact@cooling11.com,+18635550011,Lakeland Cooling & Heating 11,"campaign-hvac-polk,scouted"
Owner 12,contact@cooling12.com,+18635550012,Winter Haven Cooling & Heating 12,"campaign-hvac-polk,scouted"
Owner 13,contact@cooling13.com,+18635550013,Davenport Cooling & Heating 13,"campaign-hvac-polk,scouted"
Owner 14,contact@cooling14.com,+18635550014,Bartow Cooling & Heating 14,"campaign-hvac-polk,scouted"
Owner 15,contact@cooling15.com,+18635550015,Haines City Cooling & Heating 15,"campaign-hvac-polk,scouted"
Owner 16,contact@cooling16.com,+18635550016,Lakeland Cooling & Heating 16,"campaign-hvac-polk,scouted"
Owner 17,contact@cooling17.com,+18635550017,Winter Haven Cooling & Heating 17,"campaign-hvac-polk,scouted"
Owner 18,contact@cooling18.com,+18635550018,Davenport Cooling & Heating 18,"campaign-hvac-polk,scouted"
Owner 19,contact@cooling19.com,+18635550019,Bartow Cooling & Heating 19,"campaign-hvac-polk,scouted"
Owner 20,contact@cooling20.com,+18635550020,Haines City Cooling & Heating 20,"campaign-hvac-polk,scouted"
Owner 21,contact@cooling21.com,+18635550021,Lakeland Cooling & Heating 21,"campaign-hvac-polk,scouted"
Owner 22,contact@cooling22.com,+18635550022,Winter Haven Cooling & Heating 22,"campaign-hvac-polk,scouted"
Owner 23,contact@cooling23.com,+18635550023,Davenport Cooling & Heating 23,"campaign-hvac-polk,scouted"
Owner 24,contact@cooling24.com,+18635550024,Bartow Cooling & Heating 24,"campaign-hvac-polk,scouted"
Owner 25,contact@cooling25.com,+18635550025,Haines City Cooling & Heating 25,"campaign-hvac-polk,scouted"
Owner 26,contact@cooling26.com,+18635550026,Lakeland Cooling & Heating 26,"campaign-hvac-polk,scouted"
Owner 27,contact@cooling27.com,+18635550027,Winter Haven Cooling & Heating 27,"campaign-hvac-polk,scouted"
Owner 28,contact@cooling28.com,+18635550028,Davenport Cooling & Heating 28,"campaign-hvac-polk,scouted"
Owner 29,contact@cooling29.com,+18635550029,Bartow Cooling & Heating 29,"campaign-hvac-polk,scouted"
Owner 30,contact@cooling30.com,+18635550030,Haines City Cooling & Heating 30,"campaign-hvac-polk,scouted"
